{
  "venues": [
    {
      "id": "sz001",
      "name": "深圳湾公园",
      "type": "scenic",
      "tags": ["outdoor", "free", "view", "sunset"],
      "description": "滨海长廊，可远眺香港，适合散步、骑行、看日落。晴天首选。",
      "best_weather": ["晴", "多云"]
    },
    {
      "id": "sz002",
      "name": "华侨城创意文化园 (OCT-LOFT)",
      "type": "cultural",
      "tags": ["outdoor", "indoor", "art", "cafe"],
      "description": "旧厂房改造的艺术区，展览+咖啡+手作店聚集地，雨天也有大量室内空间。",
      "best_weather": ["晴", "多云", "小雨"]
    },
    {
      "id": "sz003",
      "name": "万象天地",
      "type": "mall",
      "tags": ["indoor", "luxury", "dining", "photo"],
      "description": "开放式高端商场，设计感强，网红打卡地，餐饮丰富，全天候舒适。",
      "best_weather": ["任何天气"]
    },
    {
      "id": "sz004",
      "name": "世界之窗",
      "type": "attraction",
      "tags": ["outdoor", "ticket", "family"],
      "description": "微缩世界景观主题公园，适合家庭出游；雨天部分区域受限。",
      "best_weather": ["晴", "多云"]
    },
    {
      "id": "sz005",
      "name": "海上世界",
      "type": "scenic",
      "tags": ["outdoor", "night", "dining", "view"],
      "description": “明华轮”为核心，集购物、餐饮、夜景于一体，傍晚至夜间最出片。",
      "best_weather": ["晴", "多云"]
    },
    {
      "id": "sz006",
      "name": "深圳博物馆",
      "type": "cultural",
      "tags": ["indoor", "free", "education"],
      "description": "免费开放，了解深圳历史与岭南文化，空调充足，雨天理想选择。",
      "best_weather": ["任何天气"]
    },
    {
      "id": "sz007",
      "name": "大梅沙海滨公园",
      "type": "scenic",
      "tags": ["outdoor", "beach", "summer"],
      "description": "深圳著名海滩，夏季戏水胜地；非夏季/雨天不推荐。",
      "best_weather": ["晴", "高温"]
    },
    {
      "id": "sz008",
      "name": "COCO Park",
      "type": "mall",
      "tags": ["indoor", "fashion", "dining", "entertainment"],
      "description": "福田核心商圈，品牌全、影院+电玩+美食一站式，通勤便利。",
      "best_weather": ["任何天气"]
    }
  ]
}